{
  "config": {
    "configFile": "C:\\Users\\micro\\Desktop\\Twsela\\testing\\e2e\\playwright.config.ts",
    "rootDir": "C:/Users/micro/Desktop/Twsela/testing/e2e/tests",
    "forbidOnly": false,
    "fullyParallel": false,
    "globalSetup": null,
    "globalTeardown": null,
    "globalTimeout": 0,
    "grep": {},
    "grepInvert": null,
    "maxFailures": 0,
    "metadata": {},
    "preserveOutput": "always",
    "reporter": [
      [
        "html",
        {
          "outputFolder": "reports/html",
          "open": "never"
        }
      ],
      [
        "junit",
        {
          "outputFile": "reports/junit/results.xml"
        }
      ],
      [
        "json",
        {
          "outputFile": "reports/json/results.json"
        }
      ],
      [
        "list",
        null
      ]
    ],
    "reportSlowTests": {
      "max": 5,
      "threshold": 300000
    },
    "quiet": false,
    "projects": [
      {
        "outputDir": "C:/Users/micro/Desktop/Twsela/testing/e2e/test-results",
        "repeatEach": 1,
        "retries": 0,
        "metadata": {},
        "id": "chromium",
        "name": "chromium",
        "testDir": "C:/Users/micro/Desktop/Twsela/testing/e2e/tests",
        "testIgnore": [],
        "testMatch": [
          "**/*.@(spec|test).?(c|m)[jt]s?(x)"
        ],
        "timeout": 30000
      },
      {
        "outputDir": "C:/Users/micro/Desktop/Twsela/testing/e2e/test-results",
        "repeatEach": 1,
        "retries": 0,
        "metadata": {},
        "id": "firefox",
        "name": "firefox",
        "testDir": "C:/Users/micro/Desktop/Twsela/testing/e2e/tests",
        "testIgnore": [],
        "testMatch": [
          "**/*.@(spec|test).?(c|m)[jt]s?(x)"
        ],
        "timeout": 30000
      },
      {
        "outputDir": "C:/Users/micro/Desktop/Twsela/testing/e2e/test-results",
        "repeatEach": 1,
        "retries": 0,
        "metadata": {},
        "id": "webkit",
        "name": "webkit",
        "testDir": "C:/Users/micro/Desktop/Twsela/testing/e2e/tests",
        "testIgnore": [],
        "testMatch": [
          "**/*.@(spec|test).?(c|m)[jt]s?(x)"
        ],
        "timeout": 30000
      },
      {
        "outputDir": "C:/Users/micro/Desktop/Twsela/testing/e2e/test-results",
        "repeatEach": 1,
        "retries": 0,
        "metadata": {},
        "id": "mobile-chrome",
        "name": "mobile-chrome",
        "testDir": "C:/Users/micro/Desktop/Twsela/testing/e2e/tests",
        "testIgnore": [],
        "testMatch": [
          "**/*.@(spec|test).?(c|m)[jt]s?(x)"
        ],
        "timeout": 30000
      },
      {
        "outputDir": "C:/Users/micro/Desktop/Twsela/testing/e2e/test-results",
        "repeatEach": 1,
        "retries": 0,
        "metadata": {},
        "id": "mobile-safari",
        "name": "mobile-safari",
        "testDir": "C:/Users/micro/Desktop/Twsela/testing/e2e/tests",
        "testIgnore": [],
        "testMatch": [
          "**/*.@(spec|test).?(c|m)[jt]s?(x)"
        ],
        "timeout": 30000
      }
    ],
    "shard": null,
    "updateSnapshots": "missing",
    "updateSourceMethod": "patch",
    "version": "1.56.1",
    "workers": 8,
    "webServer": {
      "command": "echo \"تأكد من تشغيل Backend و Frontend قبل الاختبار\"",
      "url": "https://localhost:8443",
      "reuseExistingServer": true,
      "ignoreHTTPSErrors": true,
      "timeout": 120000
    }
  },
  "suites": [],
  "errors": [
    {
      "message": "Error: Process from config.webServer exited early.",
      "stack": "Error: Process from config.webServer exited early."
    }
  ],
  "stats": {
    "startTime": "2025-10-18T10:56:36.967Z",
    "duration": 58.12700000000018,
    "expected": 0,
    "skipped": 0,
    "unexpected": 0,
    "flaky": 0
  }
}