{
  "name": "Twsela - Local Development",
  "values": [
    {
      "key": "base_url",
      "value": "http://localhost:8443/api/v1",
      "type": "default",
      "enabled": true
    },
    {
      "key": "owner_username",
      "value": "01023782584",
      "type": "default",
      "enabled": true
    },
    {
      "key": "owner_password",
      "value": "150620KkZz@#$",
      "type": "secret",
      "enabled": true
    },
    {
      "key": "admin_username",
      "value": "01126538767",
      "type": "default",
      "enabled": true
    },
    {
      "key": "admin_password",
      "value": "150620KkZz@#$",
      "type": "secret",
      "enabled": true
    },
    {
      "key": "merchant_username",
      "value": "01023782585",
      "type": "default",
      "enabled": true
    },
    {
      "key": "merchant_password",
      "value": "150620KkZz@#$",
      "type": "secret",
      "enabled": true
    },
    {
      "key": "courier_username",
      "value": "01023782586",
      "type": "default",
      "enabled": true
    },
    {
      "key": "courier_password",
      "value": "150620KkZz@#$",
      "type": "secret",
      "enabled": true
    },
    {
      "key": "warehouse_username",
      "value": "01023782588",
      "type": "default",
      "enabled": true
    },
    {
      "key": "warehouse_password",
      "value": "150620KkZz@#$",
      "type": "secret",
      "enabled": true
    },
    {
      "key": "jwt_token",
      "value": "",
      "type": "secret",
      "enabled": true
    },
    {
      "key": "test_shipment_id",
      "value": "",
      "type": "default",
      "enabled": true
    },
    {
      "key": "test_merchant_id",
      "value": "",
      "type": "default",
      "enabled": true
    },
    {
      "key": "current_user_id",
      "value": "",
      "type": "default",
      "enabled": true
    },
    {
      "key": "current_role",
      "value": "",
      "type": "default",
      "enabled": true
    }
  ],
  "_postman_variable_scope": "environment"
}
