﻿{
    "info":  {
                 "name":  "Twsela API Collection - Complete Test Suite",
                 "description":  "Ù…Ø¬Ù…ÙˆØ¹Ø© Ø´Ø§Ù…Ù„Ø© Ù„Ø§Ø®ØªØ¨Ø§Ø± Ø¬Ù…ÙŠØ¹ ÙˆØ§Ø¬Ù‡Ø§Øª API ÙÙŠ Ù†Ø¸Ø§Ù… Twsela Ù…Ø¹ ØªØºØ·ÙŠØ© ÙƒØ§Ù…Ù„Ø© Ù„Ø¬Ù…ÙŠØ¹ Ø§Ù„Ø£Ø¯ÙˆØ§Ø± ÙˆØ§Ù„Ø³ÙŠÙ†Ø§Ø±ÙŠÙˆÙ‡Ø§Øª",
                 "schema":  "https://schema.getpostman.com/json/collection/v2.1.0/collection.json",
                 "_exporter_id":  "twsela-qa-team"
             },
    "auth":  {
                 "type":  "bearer",
                 "bearer":  [
                                {
                                    "key":  "token",
                                    "value":  "{{jwt_token}}",
                                    "type":  "string"
                                }
                            ]
             },
    "event":  [
                  {
                      "listen":  "prerequest",
                      "script":  {
                                     "type":  "text/javascript",
                                     "exec":  [
                                                  "// Global Pre-request Script",
                                                  "console.log(\u0027Request to:\u0027, pm.request.url.toString());"
                                              ]
                                 }
                  },
                  {
                      "listen":  "test",
                      "script":  {
                                     "type":  "text/javascript",
                                     "exec":  [
                                                  "// Global Test Script - Standard Response Validation",
                                                  "pm.test(\u0027Response time is less than 3000ms\u0027, function () {",
                                                  "    pm.expect(pm.response.responseTime).to.be.below(3000);",
                                                  "});",
                                                  "",
                                                  "pm.test(\u0027Content-Type is application/json\u0027, function () {",
                                                  "    pm.expect(pm.response.headers.get(\u0027Content-Type\u0027)).to.include(\u0027application/json\u0027);",
                                                  "});",
                                                  "",
                                                  "if (pm.response.code \u003e= 200 \u0026\u0026 pm.response.code \u003c 300) {",
                                                  "    pm.test(\u0027Standard response format - success field exists\u0027, function () {",
                                                  "        var jsonData = pm.response.json();",
                                                  "        pm.expect(jsonData).to.have.property(\u0027success\u0027);",
                                                  "        pm.expect(jsonData).to.have.property(\u0027message\u0027);",
                                                  "        pm.expect(jsonData).to.have.property(\u0027token\u0027);",
                                                  "    });",
                                                  "}"
                                              ]
                                 }
                  }
              ],
    "variable":  [
                     {
                         "key":  "base_url",
                         "value":  "https://localhost:8443/api/v1"
                     },
                     {
                         "key":  "jwt_token",
                         "value":  ""
                     },
                     {
                         "key":  "current_user_id",
                         "value":  ""
                     },
                     {
                         "key":  "current_role",
                         "value":  ""
                     }
                 ],
    "item":  [
                 {
                     "name":  "Authentication",
                     "item":  [
                                  {
                                      "name":  "Login - Owner",
                                      "event":  [
                                                    {
                                                        "listen":  "test",
                                                        "script":  {
                                                                       "exec":  [
                                                                                    "pm.test(\u0027Login successful\u0027, function () {",
                                                                                    "    pm.response.to.have.status(200);",
                                                                                    "    var jsonData = pm.response.json();",
                                                                                    "    pm.expect(jsonData.success).to.be.true;",
                                                                                    "    pm.expect(jsonData.data).to.have.property(\u0027token\u0027);",
                                                                                    "    pm.collectionVariables.set(\u0027jwt_token\u0027, jsonData.token);",
                                                                                    "    pm.collectionVariables.set(\u0027current_user_id\u0027, jsonData.data.userId);",
                                                                                    "    pm.collectionVariables.set(\u0027current_role\u0027, \u0027OWNER\u0027);",
                                                                                    "});"
                                                                                ]
                                                                   }
                                                    }
                                                ],
                                      "request":  {
                                                      "method":  "POST",
                                                      "header":  [
                                                                     {
                                                                         "key":  "Content-Type",
                                                                         "value":  "application/json"
                                                                     }
                                                                 ],
                                                      "body":  {
                                                                   "mode":  "raw",
                                                                   "raw":  "{\n  \"phone\": \"{{owner_username}}\",\n  \"password\": \"{{owner_password}}\"\n}"
                                                               },
                                                      "url":  {
                                                                  "raw":  "{{base_url}}/auth/login",
                                                                  "host":  [
                                                                               "{{base_url}}"
                                                                           ],
                                                                  "path":  [
                                                                               "auth",
                                                                               "login"
                                                                           ]
                                                              }
                                                  }
                                  },
                                  {
                                      "name":  "Login - Admin",
                                      "event":  [
                                                    {
                                                        "listen":  "test",
                                                        "script":  {
                                                                       "exec":  [
                                                                                    "pm.test(\u0027Login successful\u0027, function () {",
                                                                                    "    pm.response.to.have.status(200);",
                                                                                    "    var jsonData = pm.response.json();",
                                                                                    "    pm.expect(jsonData.success).to.be.true;",
                                                                                    "    pm.collectionVariables.set(\u0027jwt_token\u0027, jsonData.token);",
                                                                                    "    pm.collectionVariables.set(\u0027current_role\u0027, \u0027ADMIN\u0027);",
                                                                                    "});"
                                                                                ]
                                                                   }
                                                    }
                                                ],
                                      "request":  {
                                                      "method":  "POST",
                                                      "header":  [

                                                                 ],
                                                      "body":  {
                                                                   "mode":  "raw",
                                                                   "raw":  "{\n  \"phone\": \"{{admin_username}}\",\n  \"password\": \"{{admin_password}}\"\n}",
                                                                   "options":  {
                                                                                   "raw":  {
                                                                                               "language":  "json"
                                                                                           }
                                                                               }
                                                               },
                                                      "url":  {
                                                                  "raw":  "{{base_url}}/auth/login",
                                                                  "host":  [
                                                                               "{{base_url}}"
                                                                           ],
                                                                  "path":  [
                                                                               "auth",
                                                                               "login"
                                                                           ]
                                                              }
                                                  }
                                  },
                                  {
                                      "name":  "Login - Merchant",
                                      "event":  [
                                                    {
                                                        "listen":  "test",
                                                        "script":  {
                                                                       "exec":  [
                                                                                    "pm.test(\u0027Login successful\u0027, function () {",
                                                                                    "    pm.response.to.have.status(200);",
                                                                                    "    var jsonData = pm.response.json();",
                                                                                    "    pm.collectionVariables.set(\u0027jwt_token\u0027, jsonData.token);",
                                                                                    "    pm.collectionVariables.set(\u0027current_role\u0027, \u0027MERCHANT\u0027);",
                                                                                    "});"
                                                                                ]
                                                                   }
                                                    }
                                                ],
                                      "request":  {
                                                      "method":  "POST",
                                                      "header":  [

                                                                 ],
                                                      "body":  {
                                                                   "mode":  "raw",
                                                                   "raw":  "{\n  \"phone\": \"{{merchant_username}}\",\n  \"password\": \"{{merchant_password}}\"\n}",
                                                                   "options":  {
                                                                                   "raw":  {
                                                                                               "language":  "json"
                                                                                           }
                                                                               }
                                                               },
                                                      "url":  {
                                                                  "raw":  "{{base_url}}/auth/login",
                                                                  "host":  [
                                                                               "{{base_url}}"
                                                                           ],
                                                                  "path":  [
                                                                               "auth",
                                                                               "login"
                                                                           ]
                                                              }
                                                  }
                                  },
                                  {
                                      "name":  "Login - Courier",
                                      "event":  [
                                                    {
                                                        "listen":  "test",
                                                        "script":  {
                                                                       "exec":  [
                                                                                    "pm.test(\u0027Login successful\u0027, function () {",
                                                                                    "    pm.response.to.have.status(200);",
                                                                                    "    var jsonData = pm.response.json();",
                                                                                    "    pm.collectionVariables.set(\u0027jwt_token\u0027, jsonData.token);",
                                                                                    "    pm.collectionVariables.set(\u0027current_role\u0027, \u0027COURIER\u0027);",
                                                                                    "});"
                                                                                ]
                                                                   }
                                                    }
                                                ],
                                      "request":  {
                                                      "method":  "POST",
                                                      "header":  [

                                                                 ],
                                                      "body":  {
                                                                   "mode":  "raw",
                                                                   "raw":  "{\n  \"phone\": \"{{courier_username}}\",\n  \"password\": \"{{courier_password}}\"\n}",
                                                                   "options":  {
                                                                                   "raw":  {
                                                                                               "language":  "json"
                                                                                           }
                                                                               }
                                                               },
                                                      "url":  {
                                                                  "raw":  "{{base_url}}/auth/login",
                                                                  "host":  [
                                                                               "{{base_url}}"
                                                                           ],
                                                                  "path":  [
                                                                               "auth",
                                                                               "login"
                                                                           ]
                                                              }
                                                  }
                                  },
                                  {
                                      "name":  "Login - Warehouse",
                                      "event":  [
                                                    {
                                                        "listen":  "test",
                                                        "script":  {
                                                                       "exec":  [
                                                                                    "pm.test(\u0027Login successful\u0027, function () {",
                                                                                    "    pm.response.to.have.status(200);",
                                                                                    "    var jsonData = pm.response.json();",
                                                                                    "    pm.collectionVariables.set(\u0027jwt_token\u0027, jsonData.token);",
                                                                                    "    pm.collectionVariables.set(\u0027current_role\u0027, \u0027WAREHOUSE\u0027);",
                                                                                    "});"
                                                                                ]
                                                                   }
                                                    }
                                                ],
                                      "request":  {
                                                      "method":  "POST",
                                                      "header":  [

                                                                 ],
                                                      "body":  {
                                                                   "mode":  "raw",
                                                                   "raw":  "{\n  \"phone\": \"{{warehouse_username}}\",\n  \"password\": \"{{warehouse_password}}\"\n}",
                                                                   "options":  {
                                                                                   "raw":  {
                                                                                               "language":  "json"
                                                                                           }
                                                                               }
                                                               },
                                                      "url":  {
                                                                  "raw":  "{{base_url}}/auth/login",
                                                                  "host":  [
                                                                               "{{base_url}}"
                                                                           ],
                                                                  "path":  [
                                                                               "auth",
                                                                               "login"
                                                                           ]
                                                              }
                                                  }
                                  },
                                  {
                                      "name":  "Refresh Token",
                                      "event":  [
                                                    {
                                                        "listen":  "test",
                                                        "script":  {
                                                                       "exec":  [
                                                                                    "pm.test(\u0027Token refresh successful\u0027, function () {",
                                                                                    "    pm.response.to.have.status(200);",
                                                                                    "    var jsonData = pm.response.json();",
                                                                                    "    pm.expect(jsonData.data).to.have.property(\u0027token\u0027);",
                                                                                    "    pm.collectionVariables.set(\u0027jwt_token\u0027, jsonData.token);",
                                                                                    "});"
                                                                                ]
                                                                   }
                                                    }
                                                ],
                                      "request":  {
                                                      "method":  "POST",
                                                      "header":  [

                                                                 ],
                                                      "url":  {
                                                                  "raw":  "{{base_url}}/auth/refresh",
                                                                  "host":  [
                                                                               "{{base_url}}"
                                                                           ],
                                                                  "path":  [
                                                                               "auth",
                                                                               "refresh"
                                                                           ]
                                                              }
                                                  }
                                  },
                                  {
                                      "name":  "Logout",
                                      "event":  [
                                                    {
                                                        "listen":  "test",
                                                        "script":  {
                                                                       "exec":  [
                                                                                    "pm.test(\u0027Logout successful\u0027, function () {",
                                                                                    "    pm.response.to.have.status(200);",
                                                                                    "});"
                                                                                ]
                                                                   }
                                                    }
                                                ],
                                      "request":  {
                                                      "method":  "POST",
                                                      "header":  [

                                                                 ],
                                                      "url":  {
                                                                  "raw":  "{{base_url}}/auth/logout",
                                                                  "host":  [
                                                                               "{{base_url}}"
                                                                           ],
                                                                  "path":  [
                                                                               "auth",
                                                                               "logout"
                                                                           ]
                                                              }
                                                  }
                                  }
                              ]
                 },
                 {
                     "name":  "Shipments",
                     "item":  [
                                  {
                                      "name":  "Create Shipment (Merchant)",
                                      "event":  [
                                                    {
                                                        "listen":  "prerequest",
                                                        "script":  {
                                                                       "exec":  [
                                                                                    "// Ensure Merchant token is set",
                                                                                    "if (!pm.collectionVariables.get(\u0027jwt_token\u0027) || pm.collectionVariables.get(\u0027current_role\u0027) !== \u0027MERCHANT\u0027) {",
                                                                                    "    console.log(\u0027Warning: Please login as Merchant first\u0027);",
                                                                                    "}"
                                                                                ]
                                                                   }
                                                    },
                                                    {
                                                        "listen":  "test",
                                                        "script":  {
                                                                       "exec":  [
                                                                                    "pm.test(\u0027Shipment created successfully\u0027, function () {",
                                                                                    "    pm.response.to.have.status(201);",
                                                                                    "    var jsonData = pm.response.json();",
                                                                                    "    pm.expect(jsonData.success).to.be.true;",
                                                                                    "    pm.expect(jsonData.data).to.have.property(\u0027shipmentId\u0027);",
                                                                                    "    pm.collectionVariables.set(\u0027test_shipment_id\u0027, jsonData.data.shipmentId);",
                                                                                    "});",
                                                                                    "",
                                                                                    "pm.test(\u0027Shipment has correct initial status\u0027, function () {",
                                                                                    "    var jsonData = pm.response.json();",
                                                                                    "    pm.expect(jsonData.data.status).to.equal(\u0027CREATED\u0027);",
                                                                                    "});"
                                                                                ]
                                                                   }
                                                    }
                                                ],
                                      "request":  {
                                                      "method":  "POST",
                                                      "header":  [

                                                                 ],
                                                      "body":  {
                                                                   "mode":  "raw",
                                                                   "raw":  "{\n  \"recipientName\": \"Ø£Ø­Ù…Ø¯ Ù…Ø­Ù…Ø¯\",\n  \"recipientPhone\": \"0501234567\",\n  \"recipientAddress\": \"Ø§Ù„Ø±ÙŠØ§Ø¶ØŒ Ø­ÙŠ Ø§Ù„Ù†Ø®ÙŠÙ„\",\n  \"zoneId\": 1,\n  \"codAmount\": 150.00,\n  \"description\": \"Ø·Ø±Ø¯ ØªØ¬Ø±ÙŠØ¨ÙŠ\",\n  \"notes\": \"ÙŠÙØ±Ø¬Ù‰ Ø§Ù„ØªÙˆØµÙŠÙ„ ÙÙŠ Ø§Ù„Ù…Ø³Ø§Ø¡\"\n}",
                                                                   "options":  {
                                                                                   "raw":  {
                                                                                               "language":  "json"
                                                                                           }
                                                                               }
                                                               },
                                                      "url":  {
                                                                  "raw":  "{{base_url}}/shipments",
                                                                  "host":  [
                                                                               "{{base_url}}"
                                                                           ],
                                                                  "path":  [
                                                                               "shipments"
                                                                           ]
                                                              }
                                                  }
                                  },
                                  {
                                      "name":  "Get Shipment Details",
                                      "event":  [
                                                    {
                                                        "listen":  "test",
                                                        "script":  {
                                                                       "exec":  [
                                                                                    "pm.test(\u0027Shipment details retrieved\u0027, function () {",
                                                                                    "    pm.response.to.have.status(200);",
                                                                                    "    var jsonData = pm.response.json();",
                                                                                    "    pm.expect(jsonData.data).to.have.property(\u0027shipmentId\u0027);",
                                                                                    "    pm.expect(jsonData.data).to.have.property(\u0027status\u0027);",
                                                                                    "});"
                                                                                ]
                                                                   }
                                                    }
                                                ],
                                      "request":  {
                                                      "method":  "GET",
                                                      "header":  [

                                                                 ],
                                                      "url":  {
                                                                  "raw":  "{{base_url}}/shipments/{{test_shipment_id}}",
                                                                  "host":  [
                                                                               "{{base_url}}"
                                                                           ],
                                                                  "path":  [
                                                                               "shipments",
                                                                               "{{test_shipment_id}}"
                                                                           ]
                                                              }
                                                  }
                                  },
                                  {
                                      "name":  "List Shipments (with Pagination)",
                                      "event":  [
                                                    {
                                                        "listen":  "test",
                                                        "script":  {
                                                                       "exec":  [
                                                                                    "pm.test(\u0027Shipments list retrieved\u0027, function () {",
                                                                                    "    pm.response.to.have.status(200);",
                                                                                    "    var jsonData = pm.response.json();",
                                                                                    "    pm.expect(jsonData.data).to.have.property(\u0027items\u0027);",
                                                                                    "    pm.expect(jsonData.data).to.have.property(\u0027totalPages\u0027);",
                                                                                    "    pm.expect(jsonData.data).to.have.property(\u0027currentPage\u0027);",
                                                                                    "});",
                                                                                    "",
                                                                                    "pm.test(\u0027Pagination working correctly\u0027, function () {",
                                                                                    "    var jsonData = pm.response.json();",
                                                                                    "    pm.expect(jsonData.data.items.length).to.be.at.most(20);",
                                                                                    "});"
                                                                                ]
                                                                   }
                                                    }
                                                ],
                                      "request":  {
                                                      "method":  "GET",
                                                      "header":  [

                                                                 ],
                                                      "url":  {
                                                                  "raw":  "{{base_url}}/shipments?page=1\u0026size=20\u0026status=CREATED\u0026sortBy=createdAt\u0026sortDir=desc",
                                                                  "host":  [
                                                                               "{{base_url}}"
                                                                           ],
                                                                  "path":  [
                                                                               "shipments"
                                                                           ],
                                                                  "query":  [
                                                                                {
                                                                                    "key":  "page",
                                                                                    "value":  "1"
                                                                                },
                                                                                {
                                                                                    "key":  "size",
                                                                                    "value":  "20"
                                                                                },
                                                                                {
                                                                                    "key":  "status",
                                                                                    "value":  "CREATED"
                                                                                },
                                                                                {
                                                                                    "key":  "sortBy",
                                                                                    "value":  "createdAt"
                                                                                },
                                                                                {
                                                                                    "key":  "sortDir",
                                                                                    "value":  "desc"
                                                                                }
                                                                            ]
                                                              }
                                                  }
                                  },
                                  {
                                      "name":  "Update Shipment Status (Courier)",
                                      "event":  [
                                                    {
                                                        "listen":  "test",
                                                        "script":  {
                                                                       "exec":  [
                                                                                    "pm.test(\u0027Status updated successfully\u0027, function () {",
                                                                                    "    pm.response.to.have.status(200);",
                                                                                    "    var jsonData = pm.response.json();",
                                                                                    "    pm.expect(jsonData.data.status).to.equal(\u0027PICKED_UP\u0027);",
                                                                                    "});"
                                                                                ]
                                                                   }
                                                    }
                                                ],
                                      "request":  {
                                                      "method":  "PUT",
                                                      "header":  [

                                                                 ],
                                                      "body":  {
                                                                   "mode":  "raw",
                                                                   "raw":  "{\n  \"status\": \"PICKED_UP\",\n  \"notes\": \"ØªÙ… Ø§Ù„Ø§Ø³ØªÙ„Ø§Ù… Ù…Ù† Ø§Ù„Ù…Ø³ØªÙˆØ¯Ø¹\"\n}",
                                                                   "options":  {
                                                                                   "raw":  {
                                                                                               "language":  "json"
                                                                                           }
                                                                               }
                                                               },
                                                      "url":  {
                                                                  "raw":  "{{base_url}}/shipments/{{test_shipment_id}}/status",
                                                                  "host":  [
                                                                               "{{base_url}}"
                                                                           ],
                                                                  "path":  [
                                                                               "shipments",
                                                                               "{{test_shipment_id}}",
                                                                               "status"
                                                                           ]
                                                              }
                                                  }
                                  },
                                  {
                                      "name":  "Bulk Update Shipments",
                                      "event":  [
                                                    {
                                                        "listen":  "test",
                                                        "script":  {
                                                                       "exec":  [
                                                                                    "pm.test(\u0027Bulk update successful\u0027, function () {",
                                                                                    "    pm.response.to.have.status(200);",
                                                                                    "    var jsonData = pm.response.json();",
                                                                                    "    pm.expect(jsonData.data).to.have.property(\u0027updatedCount\u0027);",
                                                                                    "});"
                                                                                ]
                                                                   }
                                                    }
                                                ],
                                      "request":  {
                                                      "method":  "PUT",
                                                      "header":  [

                                                                 ],
                                                      "body":  {
                                                                   "mode":  "raw",
                                                                   "raw":  "{\n  \"shipmentIds\": [1, 2, 3],\n  \"status\": \"IN_TRANSIT\"\n}",
                                                                   "options":  {
                                                                                   "raw":  {
                                                                                               "language":  "json"
                                                                                           }
                                                                               }
                                                               },
                                                      "url":  {
                                                                  "raw":  "{{base_url}}/shipments/bulk-update",
                                                                  "host":  [
                                                                               "{{base_url}}"
                                                                           ],
                                                                  "path":  [
                                                                               "shipments",
                                                                               "bulk-update"
                                                                           ]
                                                              }
                                                  }
                                  }
                              ]
                 },
                 {
                     "name":  "Merchants (Owner)",
                     "item":  [
                                  {
                                      "name":  "Create Merchant",
                                      "event":  [
                                                    {
                                                        "listen":  "test",
                                                        "script":  {
                                                                       "exec":  [
                                                                                    "pm.test(\u0027Merchant created successfully\u0027, function () {",
                                                                                    "    pm.response.to.have.status(201);",
                                                                                    "    var jsonData = pm.response.json();",
                                                                                    "    pm.expect(jsonData.data).to.have.property(\u0027merchantId\u0027);",
                                                                                    "    pm.collectionVariables.set(\u0027test_merchant_id\u0027, jsonData.data.merchantId);",
                                                                                    "});"
                                                                                ]
                                                                   }
                                                    }
                                                ],
                                      "request":  {
                                                      "method":  "POST",
                                                      "header":  [

                                                                 ],
                                                      "body":  {
                                                                   "mode":  "raw",
                                                                   "raw":  "{\n  \"businessName\": \"Ù…ØªØ¬Ø± Ø§Ù„Ø§Ø®ØªØ¨Ø§Ø±\",\n  \"contactName\": \"Ù…Ø­Ù…Ø¯ Ø£Ø­Ù…Ø¯\",\n  \"email\": \"test@merchant.com\",\n  \"phone\": \"0501234567\",\n  \"address\": \"Ø§Ù„Ø±ÙŠØ§Ø¶\"\n}",
                                                                   "options":  {
                                                                                   "raw":  {
                                                                                               "language":  "json"
                                                                                           }
                                                                               }
                                                               },
                                                      "url":  {
                                                                  "raw":  "{{base_url}}/merchants",
                                                                  "host":  [
                                                                               "{{base_url}}"
                                                                           ],
                                                                  "path":  [
                                                                               "merchants"
                                                                           ]
                                                              }
                                                  }
                                  },
                                  {
                                      "name":  "List Merchants",
                                      "event":  [
                                                    {
                                                        "listen":  "test",
                                                        "script":  {
                                                                       "exec":  [
                                                                                    "pm.test(\u0027Merchants list retrieved\u0027, function () {",
                                                                                    "    pm.response.to.have.status(200);",
                                                                                    "});"
                                                                                ]
                                                                   }
                                                    }
                                                ],
                                      "request":  {
                                                      "method":  "GET",
                                                      "header":  [

                                                                 ],
                                                      "url":  {
                                                                  "raw":  "{{base_url}}/merchants?page=1\u0026size=20",
                                                                  "host":  [
                                                                               "{{base_url}}"
                                                                           ],
                                                                  "path":  [
                                                                               "merchants"
                                                                           ],
                                                                  "query":  [
                                                                                {
                                                                                    "key":  "page",
                                                                                    "value":  "1"
                                                                                },
                                                                                {
                                                                                    "key":  "size",
                                                                                    "value":  "20"
                                                                                }
                                                                            ]
                                                              }
                                                  }
                                  }
                              ]
                 },
                 {
                     "name":  "Zones (Owner)",
                     "item":  [
                                  {
                                      "name":  "Create Zone",
                                      "event":  [
                                                    {
                                                        "listen":  "test",
                                                        "script":  {
                                                                       "exec":  [
                                                                                    "pm.test(\u0027Zone created successfully\u0027, function () {",
                                                                                    "    pm.response.to.have.status(201);",
                                                                                    "});"
                                                                                ]
                                                                   }
                                                    }
                                                ],
                                      "request":  {
                                                      "method":  "POST",
                                                      "header":  [

                                                                 ],
                                                      "body":  {
                                                                   "mode":  "raw",
                                                                   "raw":  "{\n  \"name\": \"Ù…Ù†Ø·Ù‚Ø© Ø§Ù„Ø±ÙŠØ§Ø¶ - Ø§Ù„Ø´Ù…Ø§Ù„\",\n  \"description\": \"ØªØºØ·ÙŠ Ø§Ù„Ø£Ø­ÙŠØ§Ø¡ Ø§Ù„Ø´Ù…Ø§Ù„ÙŠØ©\",\n  \"basePrice\": 25.00,\n  \"codFee\": 5.00\n}",
                                                                   "options":  {
                                                                                   "raw":  {
                                                                                               "language":  "json"
                                                                                           }
                                                                               }
                                                               },
                                                      "url":  {
                                                                  "raw":  "{{base_url}}/zones",
                                                                  "host":  [
                                                                               "{{base_url}}"
                                                                           ],
                                                                  "path":  [
                                                                               "zones"
                                                                           ]
                                                              }
                                                  }
                                  },
                                  {
                                      "name":  "List Zones",
                                      "event":  [
                                                    {
                                                        "listen":  "test",
                                                        "script":  {
                                                                       "exec":  [
                                                                                    "pm.test(\u0027Zones list retrieved\u0027, function () {",
                                                                                    "    pm.response.to.have.status(200);",
                                                                                    "});"
                                                                                ]
                                                                   }
                                                    }
                                                ],
                                      "request":  {
                                                      "method":  "GET",
                                                      "header":  [

                                                                 ],
                                                      "url":  {
                                                                  "raw":  "{{base_url}}/zones",
                                                                  "host":  [
                                                                               "{{base_url}}"
                                                                           ],
                                                                  "path":  [
                                                                               "zones"
                                                                           ]
                                                              }
                                                  }
                                  }
                              ]
                 },
                 {
                     "name":  "Manifest (Courier)",
                     "item":  [
                                  {
                                      "name":  "Get Courier Manifest",
                                      "event":  [
                                                    {
                                                        "listen":  "test",
                                                        "script":  {
                                                                       "exec":  [
                                                                                    "pm.test(\u0027Manifest retrieved\u0027, function () {",
                                                                                    "    pm.response.to.have.status(200);",
                                                                                    "    var jsonData = pm.response.json();",
                                                                                    "    pm.expect(jsonData.data).to.have.property(\u0027shipments\u0027);",
                                                                                    "});"
                                                                                ]
                                                                   }
                                                    }
                                                ],
                                      "request":  {
                                                      "method":  "GET",
                                                      "header":  [

                                                                 ],
                                                      "url":  {
                                                                  "raw":  "{{base_url}}/manifest/courier/{{current_user_id}}",
                                                                  "host":  [
                                                                               "{{base_url}}"
                                                                           ],
                                                                  "path":  [
                                                                               "manifest",
                                                                               "courier",
                                                                               "{{current_user_id}}"
                                                                           ]
                                                              }
                                                  }
                                  },
                                  {
                                      "name":  "Generate Manifest PDF",
                                      "event":  [
                                                    {
                                                        "listen":  "test",
                                                        "script":  {
                                                                       "exec":  [
                                                                                    "pm.test(\u0027PDF generated successfully\u0027, function () {",
                                                                                    "    pm.response.to.have.status(200);",
                                                                                    "    pm.expect(pm.response.headers.get(\u0027Content-Type\u0027)).to.include(\u0027application/pdf\u0027);",
                                                                                    "});"
                                                                                ]
                                                                   }
                                                    }
                                                ],
                                      "request":  {
                                                      "method":  "GET",
                                                      "header":  [

                                                                 ],
                                                      "url":  {
                                                                  "raw":  "{{base_url}}/manifest/courier/{{current_user_id}}/pdf",
                                                                  "host":  [
                                                                               "{{base_url}}"
                                                                           ],
                                                                  "path":  [
                                                                               "manifest",
                                                                               "courier",
                                                                               "{{current_user_id}}",
                                                                               "pdf"
                                                                           ]
                                                              }
                                                  }
                                  }
                              ]
                 },
                 {
                     "name":  "Reports (Owner)",
                     "item":  [
                                  {
                                      "name":  "Shipments Summary Report",
                                      "event":  [
                                                    {
                                                        "listen":  "test",
                                                        "script":  {
                                                                       "exec":  [
                                                                                    "pm.test(\u0027Report generated\u0027, function () {",
                                                                                    "    pm.response.to.have.status(200);",
                                                                                    "    var jsonData = pm.response.json();",
                                                                                    "    pm.expect(jsonData.data).to.have.property(\u0027totalShipments\u0027);",
                                                                                    "});"
                                                                                ]
                                                                   }
                                                    }
                                                ],
                                      "request":  {
                                                      "method":  "GET",
                                                      "header":  [

                                                                 ],
                                                      "url":  {
                                                                  "raw":  "{{base_url}}/reports/shipments?startDate=2025-01-01\u0026endDate=2025-12-31",
                                                                  "host":  [
                                                                               "{{base_url}}"
                                                                           ],
                                                                  "path":  [
                                                                               "reports",
                                                                               "shipments"
                                                                           ],
                                                                  "query":  [
                                                                                {
                                                                                    "key":  "startDate",
                                                                                    "value":  "2025-01-01"
                                                                                },
                                                                                {
                                                                                    "key":  "endDate",
                                                                                    "value":  "2025-12-31"
                                                                                }
                                                                            ]
                                                              }
                                                  }
                                  },
                                  {
                                      "name":  "Courier Performance Report",
                                      "event":  [
                                                    {
                                                        "listen":  "test",
                                                        "script":  {
                                                                       "exec":  [
                                                                                    "pm.test(\u0027Courier report generated\u0027, function () {",
                                                                                    "    pm.response.to.have.status(200);",
                                                                                    "});"
                                                                                ]
                                                                   }
                                                    }
                                                ],
                                      "request":  {
                                                      "method":  "GET",
                                                      "header":  [

                                                                 ],
                                                      "url":  {
                                                                  "raw":  "{{base_url}}/reports/couriers",
                                                                  "host":  [
                                                                               "{{base_url}}"
                                                                           ],
                                                                  "path":  [
                                                                               "reports",
                                                                               "couriers"
                                                                           ]
                                                              }
                                                  }
                                  }
                              ]
                 },
                 {
                     "name":  "Negative Tests - RBAC",
                     "item":  [
                                  {
                                      "name":  "Merchant Accessing Owner Endpoint (Should Fail)",
                                      "event":  [
                                                    {
                                                        "listen":  "test",
                                                        "script":  {
                                                                       "exec":  [
                                                                                    "pm.test(\u0027Access denied for unauthorized role\u0027, function () {",
                                                                                    "    pm.response.to.have.status(403);",
                                                                                    "    var jsonData = pm.response.json();",
                                                                                    "    pm.expect(jsonData.success).to.be.false;",
                                                                                    "    pm.expect(jsonData.errors).to.be.an(\u0027array\u0027);",
                                                                                    "});"
                                                                                ]
                                                                   }
                                                    }
                                                ],
                                      "request":  {
                                                      "method":  "GET",
                                                      "header":  [

                                                                 ],
                                                      "url":  {
                                                                  "raw":  "{{base_url}}/merchants",
                                                                  "host":  [
                                                                               "{{base_url}}"
                                                                           ],
                                                                  "path":  [
                                                                               "merchants"
                                                                           ]
                                                              }
                                                  }
                                  },
                                  {
                                      "name":  "Invalid JWT Token",
                                      "event":  [
                                                    {
                                                        "listen":  "prerequest",
                                                        "script":  {
                                                                       "exec":  [
                                                                                    "pm.collectionVariables.set(\u0027jwt_token\u0027, \u0027invalid.jwt.token\u0027);"
                                                                                ]
                                                                   }
                                                    },
                                                    {
                                                        "listen":  "test",
                                                        "script":  {
                                                                       "exec":  [
                                                                                    "pm.test(\u0027Invalid token rejected\u0027, function () {",
                                                                                    "    pm.response.to.have.status(401);",
                                                                                    "});"
                                                                                ]
                                                                   }
                                                    }
                                                ],
                                      "request":  {
                                                      "method":  "GET",
                                                      "header":  [

                                                                 ],
                                                      "url":  {
                                                                  "raw":  "{{base_url}}/shipments",
                                                                  "host":  [
                                                                               "{{base_url}}"
                                                                           ],
                                                                  "path":  [
                                                                               "shipments"
                                                                           ]
                                                              }
                                                  }
                                  },
                                  {
                                      "name":  "Missing Required Fields",
                                      "event":  [
                                                    {
                                                        "listen":  "test",
                                                        "script":  {
                                                                       "exec":  [
                                                                                    "pm.test(\u0027Validation error for missing fields\u0027, function () {",
                                                                                    "    pm.response.to.have.status(400);",
                                                                                    "    var jsonData = pm.response.json();",
                                                                                    "    pm.expect(jsonData.success).to.be.false;",
                                                                                    "    pm.expect(jsonData.errors).to.be.an(\u0027array\u0027).that.is.not.empty;",
                                                                                    "});"
                                                                                ]
                                                                   }
                                                    }
                                                ],
                                      "request":  {
                                                      "method":  "POST",
                                                      "header":  [

                                                                 ],
                                                      "body":  {
                                                                   "mode":  "raw",
                                                                   "raw":  "{\n  \"recipientName\": \"Test\"\n}",
                                                                   "options":  {
                                                                                   "raw":  {
                                                                                               "language":  "json"
                                                                                           }
                                                                               }
                                                               },
                                                      "url":  {
                                                                  "raw":  "{{base_url}}/shipments",
                                                                  "host":  [
                                                                               "{{base_url}}"
                                                                           ],
                                                                  "path":  [
                                                                               "shipments"
                                                                           ]
                                                              }
                                                  }
                                  }
                              ]
                 }
             ]
}


